{
  "models/stage8_1_1768545346.zip": {
    "elo": 954.1721796717983,
    "games": 3
  },
  "models/stage9_2_1768553412_8507819.zip": {
    "elo": 1016.0,
    "games": 1
  },
  "models/stage9_2_1768554125_1762477.zip": {
    "elo": 1015.263693206478,
    "games": 1
  },
  "models/stage9_2_1768554495_2852787.zip": {
    "elo": 1014.5641271217237,
    "games": 1
  }
}